#threads,exec_time,speedup
1S,0.015915 ,1
1,0.016051 ,.991527
2,0.009923 ,1.603849
3,0.009722 ,1.637008
4,0.010787 ,1.475387
