#threads,exec_time,speedup
1S,99.526566,1
1,99.299396,1.002287
2,52.118801,1.909609
3,47.980790,2.074300
4,43.832531,2.270609
