#threads,exec_time,speedup
1S,0.204920 ,1
1,0.250452 ,.818200
2,0.160404 ,1.277524
3,0.159004 ,1.288772
4,0.127076 ,1.612578
