#threads,exec_time,speedup
1S,0.441599 ,1
1,0.415474 ,1.062879
2,0.222727 ,1.982691
3,0.227550 ,1.940667
4,0.234099 ,1.886377
