#threads,exec_time,speedup
1S,0.914074 ,1
1,0.723579 ,1.263267
2,0.389334 ,2.347788
3,0.355124 ,2.573957
4,0.436646 ,2.093398
