#threads,exec_time,speedup
1S,3.737905 ,1
1,4.469444 ,.836324
2,2.503385 ,1.493140
3,2.488078 ,1.502326
4,2.230728 ,1.675643
