#threads,exec_time,speedup
1S,7.074305 ,1
1,6.869856 ,1.029760
2,4.072215 ,1.737213
3,3.801832 ,1.860762
4,3.876477 ,1.824931
