#threads,exec_time,speedup
1S,0.014710 ,1
1,0.005749 ,2.558705
2,0.005707 ,2.577536
3,0.005963 ,2.466879
4,0.005429 ,2.709522
