#threads,exec_time,speedup
1S,0.015078 ,1
1,0.015323 ,.984010
2,0.014275 ,1.056252
