#threads,exec_time,speedup
1S,0.811578 ,1
1,0.923921 ,.878406
2,0.816760 ,.993655
