#threads,exec_time,speedup
1S,0.018953 ,1
1,0.018738 ,1.011474
2,0.012851 ,1.474826
3,0.012847 ,1.475286
4,0.012065 ,1.570907
