#threads,exec_time,speedup
1S,0.011978 ,1
1,0.012161 ,.984951
2,0.011730 ,1.021142
3,0.011377 ,1.052825
4,0.011482 ,1.043198
