#threads,exec_time,speedup
1S,0.047239 ,1
1,0.047511 ,.994275
2,0.041495 ,1.138426
3,0.027134 ,1.740952
4,0.024735 ,1.909803
