#threads,exec_time,speedup
1S,0.029440 ,1
1,0.027665 ,1.064160
2,0.027604 ,1.066512
