#threads,exec_time,speedup
1S,0.015858 ,1
1,0.015858 ,1.000000
2,0.015858 ,1.000000
3,0.015858 ,1.000000
4,0.015858 ,1.000000
