#threads,exec_time,speedup
1S,0.012418 ,1
1,0.012109 ,1.025518
