#threads,exec_time,speedup
1S,6.985376 ,1
1,6.985376 ,1.000000
2,6.985376 ,1.000000
3,6.985376 ,1.000000
4,6.985376 ,1.000000
