#threads,exec_time,speedup
1S,0.458851 ,1
1,0.408249 ,1.123948
2,0.408401 ,1.123530
