#threads,exec_time,speedup
1S,0.017067 ,1
1,0.016393 ,1.041115
2,0.010153 ,1.680980
3,0.009941 ,1.716829
4,0.011760 ,1.451275
