#threads,exec_time,speedup
1S,0.036879 ,1
1,0.036782 ,1.002637
2,0.022914 ,1.609452
3,0.021600 ,1.707361
4,0.022927 ,1.608540
