#threads,exec_time,speedup
1S,0.065891 ,1
1,0.066333 ,.993336
2,0.058858 ,1.119490
3,0.038645 ,1.705032
4,0.035342 ,1.864382
