#threads,exec_time,speedup
1S,7.158963 ,1
1,7.158963 ,1.000000
2,7.158963 ,1.000000
3,7.158963 ,1.000000
4,7.158963 ,1.000000
