#threads,exec_time,speedup
1S,0.024344 ,1
1,0.025234 ,.964730
2,0.016829 ,1.446550
3,0.014787 ,1.646310
4,0.012761 ,1.907687
