#threads,exec_time,speedup
1S,76.831838,1
1,76.244089,1.007708
2,76.266900,1.007407
