#threads,exec_time,speedup
1S,0.039091 ,1
1,0.036332 ,1.075938
2,0.036402 ,1.073869
