#threads,exec_time,speedup
1S,6.555740 ,1
1,6.746676 ,.971699
2,6.023044 ,1.088442
