#threads,exec_time,speedup
1S,0.024704 ,1
1,0.025737 ,.959863
2,0.018191 ,1.358034
3,0.013876 ,1.780340
4,0.013696 ,1.803738
