#threads,exec_time,speedup
1S,3.813448 ,1
1,3.884225 ,.981778
2,3.998148 ,.953803
