#threads,exec_time,speedup
1S,0.016047 ,1
1,0.015014 ,1.068802
2,0.015659 ,1.024778
3,0.015091 ,1.063349
4,0.015322 ,1.047317
