#threads,exec_time,speedup
1S,0.063792 ,1
1,0.028635 ,2.227763
2,0.025550 ,2.496751
3,0.016152 ,3.949479
4,0.017256 ,3.696801
