#threads,exec_time,speedup
1S,0.053319 ,1
1,0.049687 ,1.073097
2,0.050836 ,1.048843
