#threads,exec_time,speedup
1S,0.015690 ,1
1,0.009317 ,1.684018
2,0.009799 ,1.601183
3,0.010391 ,1.509960
4,,
