#threads,exec_time,speedup
1S,0.027125 ,1
1,0.027140 ,.999447
2,0.022458 ,1.207810
3,0.015820 ,1.714601
4,0.015375 ,1.764227
