#threads,exec_time,speedup
1S,0.205590 ,1
1,0.201744 ,1.019063
2,0.205647 ,.999722
