#threads,exec_time,speedup
1S,0.015760 ,1
1,0.009810 ,1.606523
2,0.009185 ,1.715841
3,0.010223 ,1.541621
4,0.011342 ,1.389525
