#threads,exec_time,speedup
1S,0.021745 ,1
1,0.022043 ,.986480
2,0.020627 ,1.054200
